<?xml version="1.0" encoding="UTF-8"?>
<project-private xmlns="http://www.netbeans.org/ns/project-private/1">
    <editor-bookmarks xmlns="http://www.netbeans.org/ns/editor-bookmarks/2" lastBookmarkId="0"/>
    <open-files xmlns="http://www.netbeans.org/ns/projectui-open-files/2">
        <group>
            <file>file:/C:/Users/ADMIN/Documents/NetBeansProjects/Online/web/Authorize_Request.jsp</file>
            <file>file:/C:/Users/ADMIN/Documents/NetBeansProjects/Online/web/view_ad_cost.jsp</file>
            <file>file:/C:/Users/ADMIN/Documents/NetBeansProjects/Online/web/Add_Products.jsp</file>
            <file>file:/C:/Users/ADMIN/Documents/NetBeansProjects/Online/web/AD_Action.jsp</file>
            <file>file:/C:/Users/ADMIN/Documents/NetBeansProjects/Online/web/Admin_Home.jsp</file>
            <file>file:/C:/Users/ADMIN/Documents/NetBeansProjects/Online/src/java/code/DB.java</file>
            <file>file:/C:/Users/ADMIN/Documents/NetBeansProjects/Online/web/Manage_Users.jsp</file>
            <file>file:/C:/Users/ADMIN/Documents/NetBeansProjects/Online/web/Add_Category.jsp</file>
            <file>file:/C:/Users/ADMIN/Documents/NetBeansProjects/Online/web/Admin_Login.jsp</file>
        </group>
    </open-files>
</project-private>
